Group,Variable,RelDay,Mean,Std,N,SEM
True onset,SLA_z,-30,1.80003347704707,1.29636830796118,46,0.19113907922301
True onset,SLA_z,-29,1.80225861785291,1.29748397203595,46,0.191303574916606
True onset,SLA_z,-28,1.80454138288176,1.29626501527691,46,0.191123849547585
True onset,SLA_z,-27,1.81095882636399,1.29505575739839,46,0.19094555420048
True onset,SLA_z,-26,1.81844132043761,1.28887012878444,46,0.190033533017591
True onset,SLA_z,-25,1.82984629091708,1.28129011114962,46,0.188915920389826
True onset,SLA_z,-24,1.84487571621081,1.2744145008779,46,0.187902166961605
True onset,SLA_z,-23,1.86160163194004,1.26991989775156,46,0.187239473884517
True onset,SLA_z,-22,1.86458809516085,1.25739036398126,47,0.183409234751661
True onset,SLA_z,-21,1.87498012150746,1.25800379603658,47,0.183498713013194
True onset,SLA_z,-20,1.87862479191069,1.25777508629005,47,0.183465352267961
True onset,SLA_z,-19,1.8755880564372,1.25446020851263,47,0.182981827649142
True onset,SLA_z,-18,1.86754803418698,1.24584054179013,47,0.18172452003595
True onset,SLA_z,-17,1.85807049408655,1.23042155472487,47,0.179475429618769
True onset,SLA_z,-16,1.8514488945014,1.20776029119967,47,0.176169944607335
True onset,SLA_z,-15,1.85148005908096,1.17871258568041,47,0.171932901288735
True onset,SLA_z,-14,1.86074857523466,1.14559349933514,47,0.167101986040563
True onset,SLA_z,-13,1.87974868971775,1.11209849650026,47,0.162216237736832
True onset,SLA_z,-12,1.90663839491996,1.08293421784137,47,0.157962190478211
True onset,SLA_z,-11,1.93813359273802,1.06254637714705,47,0.154988318268673
True onset,SLA_z,-10,1.96991126554523,1.05420478127147,47,0.153771571457202
True onset,SLA_z,-9,2.04790051488604,1.0139296351695,46,0.149495768812812
True onset,SLA_z,-8,2.02230165498359,1.07290553571989,47,0.156499356845826
True onset,SLA_z,-7,2.04062788264484,1.09590841224213,47,0.159854671234169
True onset,SLA_z,-6,2.05582471604758,1.12119986206376,47,0.163543808347371
True onset,SLA_z,-5,2.07056730930136,1.14395570203797,47,0.166863088751736
True onset,SLA_z,-4,2.08731723843619,1.16012885422232,47,0.1692221854576
True onset,SLA_z,-3,2.10808899253207,1.16767882858141,47,0.170323462403299
True onset,SLA_z,-2,2.13332833885293,1.16722583304411,47,0.170257386213102
True onset,SLA_z,-1,2.16176315862124,1.16175550279369,47,0.169459456537634
True onset,SLA_z,0,2.1916984942603,1.15501898428952,47,0.168476834323297
True onset,SLA_z,1,2.22765973917789,1.16236101320406,46,0.171380781544995
True onset,SLA_z,2,2.24427124993067,1.15116408049429,47,0.167914538813981
True onset,SLA_z,3,2.2614703837352,1.15643289014832,47,0.16868307368937
True onset,SLA_z,4,2.27070515736899,1.16487887714147,47,0.169915047510318
True onset,SLA_z,5,2.27157208672092,1.17426462929297,47,0.171284100168097
True onset,SLA_z,6,2.26511554957542,1.18208489750647,47,0.172424803524571
True onset,SLA_z,7,2.25267014702127,1.18696383770277,47,0.173136470094823
True onset,SLA_z,8,2.2365591240852,1.18838861022169,47,0.173344294526181
True onset,SLA_z,9,2.2191273989637,1.18679886705775,47,0.17311240665309
True onset,SLA_z,10,2.20188559750226,1.18315555113362,47,0.172580974406792
True onset,SLA_z,11,2.18628459260966,1.17805592097323,47,0.171837116896805
True onset,SLA_z,12,2.17241668588654,1.17212247591514,47,0.170971634983853
True onset,SLA_z,13,2.15975636933608,1.16578598586504,47,0.170047362916568
True onset,SLA_z,14,2.14703320415995,1.15961937773001,47,0.169147870673381
True onset,SLA_z,15,2.13900402658385,1.16624267822131,46,0.171953101828276
True onset,SLA_z,16,2.11712450970231,1.15058761887449,47,0.16783045324471
True onset,SLA_z,17,2.09821065795328,1.15055181318713,47,0.167825230448427
True onset,SLA_z,18,2.05259392438563,1.1556413729682,46,0.170390024643963
True onset,SLA_z,19,2.02837826356953,1.1638921749302,46,0.171606539025087
True onset,SLA_z,20,2.00419291279445,1.1773952829583,46,0.17359746368692
True onset,SLA_z,21,1.98199237271239,1.19536094290056,46,0.176246355732422
True onset,SLA_z,22,1.96330766981489,1.2165736857195,46,0.179374004029056
True onset,SLA_z,23,1.94917108994431,1.2394227939692,46,0.182742921245787
True onset,SLA_z,24,1.93958152673575,1.26186904920718,46,0.186052441026427
True onset,SLA_z,25,1.93383151867576,1.28175446951631,46,0.188984386295767
True onset,SLA_z,26,1.93095832088146,1.29704754075483,46,0.191239226634791
True onset,SLA_z,27,1.92995138160958,1.30608944992728,46,0.192572383410552
True onset,SLA_z,28,1.93009776261679,1.30834202488152,46,0.19290450746819
True onset,SLA_z,29,1.93071893635351,1.30338398882757,46,0.192173484933709
True onset,SLA_z,30,1.93208987056403,1.29160532067132,46,0.190436815059852
True onset,SLA_anom,-30,0.0464821108627856,0.0321930911476248,46,0.00474661233347871
True onset,SLA_anom,-29,0.0465880678388758,0.0324245619386209,46,0.00478074083969589
True onset,SLA_anom,-28,0.0466705739028652,0.0325754598954045,46,0.00480298952962384
True onset,SLA_anom,-27,0.0468307936057618,0.0326837066060126,46,0.00481894963638324
True onset,SLA_anom,-26,0.0470009338362476,0.0326341526865821,46,0.00481164330956726
True onset,SLA_anom,-25,0.0472499882369356,0.032489882880721,46,0.00479037188717701
True onset,SLA_anom,-24,0.0475793510699751,0.0323144268146104,46,0.00476450230157042
True onset,SLA_anom,-23,0.047945485204822,0.0321582795397303,46,0.00474147964191384
True onset,SLA_anom,-22,0.0482239890043167,0.0316994635980429,47,0.00462384198821635
True onset,SLA_anom,-21,0.048437549795273,0.0316254663828325,47,0.00461304838504881
True onset,SLA_anom,-20,0.0484798967768475,0.0315416260847716,47,0.00460081902068498
True onset,SLA_anom,-19,0.0483522246977816,0.0314029095312666,47,0.00458058513178735
True onset,SLA_anom,-18,0.0481047738357451,0.0311677547969901,47,0.00454628428847143
True onset,SLA_anom,-17,0.0478386712666596,0.0308071256866667,47,0.00449368112636021
True onset,SLA_anom,-16,0.0476683203051154,0.0303067948231977,47,0.00442070036921416
True onset,SLA_anom,-15,0.047688102357488,0.0296722044637317,47,0.00432813585182601
True onset,SLA_anom,-14,0.0479546936428521,0.028939213329898,47,0.00422121810632133
True onset,SLA_anom,-13,0.0484669567951498,0.0281779109233657,47,0.00411017073726516
True onset,SLA_anom,-12,0.0491647064755693,0.027490523067092,47,0.00400990491345405
True onset,SLA_anom,-11,0.0499529323213919,0.0269791669559725,47,0.0039353159586532
True onset,SLA_anom,-10,0.0507167845454325,0.026721741433856,47,0.00389776658705834
True onset,SLA_anom,-9,0.0526313443935671,0.0255686949747233,46,0.00376989840340109
True onset,SLA_anom,-8,0.0518634169286896,0.0269645489549286,47,0.00393318370405523
True onset,SLA_anom,-7,0.052196520519387,0.0273775774134784,47,0.00399343009664998
True onset,SLA_anom,-6,0.0524344567483434,0.0278301161587859,47,0.00405943965688673
True onset,SLA_anom,-5,0.0526584611630397,0.0282190668381383,47,0.00411617394442356
True onset,SLA_anom,-4,0.0529453586774244,0.02846692167827,47,0.00415232728857208
True onset,SLA_anom,-3,0.0533581983653855,0.0285456823481481,47,0.00416381571301423
True onset,SLA_anom,-2,0.0539157765834033,0.028479969573785,47,0.00415423051974045
True onset,SLA_anom,-1,0.0545901931126617,0.0283360229664634,47,0.00413323374908733
True onset,SLA_anom,0,0.0553295448222753,0.0281821388806308,47,0.0041107874482157
True onset,SLA_anom,1,0.0562553334862155,0.0283441130424356,46,0.00417911147245224
True onset,SLA_anom,2,0.0566770381022107,0.0280151765585978,47,0.00408643349053188
True onset,SLA_anom,3,0.057122997283678,0.0280152845689917,47,0.00408644924546707
True onset,SLA_anom,4,0.0573637877027023,0.028026527178463,47,0.00408808914860201
True onset,SLA_anom,5,0.0573892202129356,0.0280132642829489,47,0.00408615455646062
True onset,SLA_anom,6,0.0572241326061432,0.0279463611097552,47,0.00407639572567153
True onset,SLA_anom,7,0.05690909520382,0.0278246027119313,47,0.00405863543800815
True onset,SLA_anom,8,0.056506627779182,0.0276671351188922,47,0.00403566642888831
True onset,SLA_anom,9,0.0560806752981361,0.0275072747577169,47,0.00401234839866463
True onset,SLA_anom,10,0.0556782959483741,0.0273771618755612,47,0.00399336948421522
True onset,SLA_anom,11,0.0553396212580636,0.0272916955925622,47,0.00398090294557222
True onset,SLA_anom,12,0.0550656956406536,0.0272519325907072,47,0.0039751029156447
True onset,SLA_anom,13,0.0548348372890177,0.0272517634738962,47,0.0039750782474225
True onset,SLA_anom,14,0.0546054006548378,0.0272880116047532,47,0.00398036558072178
True onset,SLA_anom,15,0.0545102608591437,0.0276338910953776,46,0.00407439495927387
True onset,SLA_anom,16,0.0540057800774538,0.0274611354347899,47,0.00400561828671816
True onset,SLA_anom,17,0.0535725250707975,0.0276201407966499,47,0.00402881160247399
True onset,SLA_anom,18,0.0524780280180511,0.0278565133425715,46,0.00410721881888373
True onset,SLA_anom,19,0.051899797985335,0.0281356698766822,46,0.00414837820434644
True onset,SLA_anom,20,0.0513046233387723,0.0284907884893733,46,0.00420073758726863
True onset,SLA_anom,21,0.0507478603282997,0.0289260487798081,46,0.00426491321592688
True onset,SLA_anom,22,0.0502752502314464,0.029433182531769,46,0.00433968600834818
True onset,SLA_anom,23,0.0499191466413215,0.029983910685796,46,0.00442088644468748
True onset,SLA_anom,24,0.0496861004501777,0.030532406909286,46,0.00450175780082242
True onset,SLA_anom,25,0.049563929242894,0.0310241638874345,46,0.00457426341163346
True onset,SLA_anom,26,0.049532429336792,0.0314070663298727,46,0.00463071929676304
True onset,SLA_anom,27,0.049569411361741,0.0316405403864996,46,0.00466514316838353
True onset,SLA_anom,28,0.0496573533203587,0.0317095379984712,46,0.00467531631126263
True onset,SLA_anom,29,0.0497826390589233,0.0316164446477765,46,0.00466159044553119
True onset,SLA_anom,30,0.0499479736000402,0.0313760725606187,46,0.00462614951479562
True onset,T100_z,-30,0.954673604068993,0.630264149857199,46,0.0929273791492487
True onset,T100_z,-29,0.953350829141929,0.6321715520672,46,0.0932086102622654
True onset,T100_z,-28,0.959889981970353,0.630176361695608,46,0.0929144354909764
True onset,T100_z,-27,0.967588185942424,0.626857843896119,46,0.0924251467350849
True onset,T100_z,-26,0.975127451815389,0.61242109996777,46,0.0902965649697818
True onset,T100_z,-25,0.977870642790762,0.588260856852617,46,0.0867343314637058
True onset,T100_z,-24,0.985397069514899,0.569031897520449,46,0.0838991760849479
True onset,T100_z,-23,0.99724867183247,0.550964395593517,46,0.0812352682580087
True onset,T100_z,-22,1.02043403189211,0.547996395835621,47,0.0799334896194396
True onset,T100_z,-21,1.02060494697064,0.542666742418131,47,0.0791560797690108
True onset,T100_z,-20,1.01736929203527,0.533748711809098,47,0.0778552513100463
True onset,T100_z,-19,1.01342599588304,0.515106638510672,47,0.0751360254468682
True onset,T100_z,-18,1.01494705940197,0.50266780094846,47,0.0733216345116124
True onset,T100_z,-17,1.01716260825534,0.488880292747492,47,0.0713105197451011
True onset,T100_z,-16,1.01783292573602,0.47282838274451,47,0.0689691080289911
True onset,T100_z,-15,1.01905209366726,0.45274984348805,47,0.0660403520710575
True onset,T100_z,-14,1.02146746974618,0.42799702681711,47,0.0624297826778019
True onset,T100_z,-13,1.02880589835008,0.402675057171305,47,0.0587361937907065
True onset,T100_z,-12,1.03645252932806,0.374112226016074,47,0.0545698766670931
True onset,T100_z,-11,1.05793704951697,0.356740379811203,47,0.0520359324681169
True onset,T100_z,-10,1.07824026208585,0.340700909338117,47,0.0496963352439294
True onset,T100_z,-9,1.09412207274953,0.330088952499568,46,0.0486689608616572
True onset,T100_z,-8,1.10522779432259,0.314187625144449,47,0.0458289752704387
True onset,T100_z,-7,1.11852196473761,0.295058805412594,47,0.0430387501428869
True onset,T100_z,-6,1.1276793073588,0.262643875567042,47,0.0383105466765606
True onset,T100_z,-5,1.12697434471093,0.223483098056339,47,0.0325983601979111
True onset,T100_z,-4,1.12406478971002,0.185510137017624,47,0.027059434558849
True onset,T100_z,-3,1.1372258865122,0.151903208353743,47,0.0221573601950216
True onset,T100_z,-2,1.17674299543388,0.122846364224344,47,0.0179189838731311
True onset,T100_z,-1,1.24620270857402,0.110202280069037,47,0.0160746546453187
True onset,T100_z,0,1.33119879806703,0.115768110674048,47,0.0168865144791973
True onset,T100_z,1,1.40366273695225,0.13476513941579,46,0.0198700357769515
True onset,T100_z,2,1.45926802959675,0.155434485382997,47,0.0226724498888705
True onset,T100_z,3,1.48295897035841,0.175114974044877,47,0.0255431442002099
True onset,T100_z,4,1.4870406411186,0.198075017708122,47,0.0288922107739405
True onset,T100_z,5,1.47695878452001,0.212644792224529,47,0.0310174308099025
True onset,T100_z,6,1.4578700523914,0.215769049765573,47,0.0314731506095641
True onset,T100_z,7,1.43712971234623,0.21522854304866,47,0.031394309601897
True onset,T100_z,8,1.42000499262916,0.225474104246658,47,0.0328887782989341
True onset,T100_z,9,1.40992500349334,0.241709678720194,47,0.03525698023148
True onset,T100_z,10,1.40364358304075,0.255417929849649,47,0.0372565341659288
True onset,T100_z,11,1.4084654136266,0.265750271488759,47,0.0387636610912711
True onset,T100_z,12,1.41896313132002,0.289798549046623,47,0.0422714628927879
True onset,T100_z,13,1.42458827146741,0.327202872295655,47,0.0477274441854924
True onset,T100_z,14,1.42674937397641,0.36057628584244,47,0.0525954568687499
True onset,T100_z,15,1.42443951112688,0.384590862544653,46,0.0567048290928828
True onset,T100_z,16,1.42075496726473,0.39026959877792,47,0.0569266717076281
True onset,T100_z,17,1.40649378477368,0.388148031176852,47,0.0566172092675361
True onset,T100_z,18,1.38919302688614,0.38841081070323,46,0.0572680497217937
True onset,T100_z,19,1.36274557959717,0.392035207139301,46,0.0578024378222088
True onset,T100_z,20,1.33554081158735,0.403715069679772,46,0.0595245396027962
True onset,T100_z,21,1.31564051014955,0.414029423887877,46,0.0610453081637137
True onset,T100_z,22,1.30442713936967,0.418048251943467,46,0.0616378520336801
True onset,T100_z,23,1.30379609325698,0.418345764928885,46,0.0616817179302316
True onset,T100_z,24,1.31350155077352,0.429836302497841,46,0.0633759052666698
True onset,T100_z,25,1.32915268581824,0.447664742671778,46,0.0660045653611056
True onset,T100_z,26,1.34088920162167,0.457080559248994,46,0.067392851776046
True onset,T100_z,27,1.34190836941269,0.459607711497173,46,0.0677654600470187
True onset,T100_z,28,1.33625684208812,0.4598104304377,46,0.0677953493241597
True onset,T100_z,29,1.31942616685994,0.459931958248912,46,0.0678132676223721
True onset,T100_z,30,1.29757401241421,0.464926999168732,46,0.0685497462266641
True onset,D26_z,-30,1.03865159175204,0.922806984832709,46,0.136060466997137
True onset,D26_z,-29,1.05090184795041,0.929127538458723,46,0.136992381787739
True onset,D26_z,-28,1.06003123211052,0.911699946108468,46,0.134422823480547
True onset,D26_z,-27,1.06681729529832,0.894720659596497,46,0.131919364263107
True onset,D26_z,-26,1.06628425813041,0.872841329779685,46,0.128693433075558
True onset,D26_z,-25,1.06538806751144,0.844644458007106,46,0.124536031143961
True onset,D26_z,-24,1.06934865780127,0.816830789068131,46,0.120435129387753
True onset,D26_z,-23,1.06843682194768,0.791557514977961,46,0.11670878841746
True onset,D26_z,-22,1.08372326636292,0.776471522058268,47,0.113260011963387
True onset,D26_z,-21,1.08621383903831,0.763915662565707,47,0.111428551625255
True onset,D26_z,-20,1.083688457078,0.727510938963465,47,0.106118376926531
True onset,D26_z,-19,1.07646964870853,0.699422455852242,47,0.102021250576324
True onset,D26_z,-18,1.06051066995159,0.687173749853725,47,0.10023459317999
True onset,D26_z,-17,1.02466010566037,0.724335331607536,47,0.105655166986558
True onset,D26_z,-16,1.00580230970054,0.756397449919137,47,0.110331907601484
True onset,D26_z,-15,1.02729172247143,0.725928015552004,47,0.105887483816577
True onset,D26_z,-14,1.02904129298071,0.720070955647835,47,0.105033143823452
True onset,D26_z,-13,1.03375787615018,0.719666520759016,47,0.104974150931833
True onset,D26_z,-12,1.03832386820836,0.746406792737393,47,0.108874620476611
True onset,D26_z,-11,1.0475112565348,0.749232071463376,47,0.109286729733955
True onset,D26_z,-10,1.04126549134603,0.772664368756675,47,0.112704681579418
True onset,D26_z,-9,1.01308168560365,0.803867901964621,46,0.118523855955797
True onset,D26_z,-8,1.04289170640003,0.780844725002494,47,0.113897909173665
True onset,D26_z,-7,1.06007292879672,0.77076380192948,47,0.112427455415328
True onset,D26_z,-6,1.06913703033317,0.74842550946737,47,0.109169080575265
True onset,D26_z,-5,1.07174569827116,0.733101137934037,47,0.106933791251845
True onset,D26_z,-4,1.07667464802886,0.706966292544773,47,0.103121632251341
True onset,D26_z,-3,1.08997962817412,0.691920992782848,47,0.100927049729485
True onset,D26_z,-2,1.10148415814873,0.691769931697581,47,0.100905015205567
True onset,D26_z,-1,1.12187692177009,0.686625502757269,47,0.100154623121927
True onset,D26_z,0,1.15673789143652,0.675947432768442,47,0.0985970665337925
True onset,D26_z,1,1.19335408019207,0.640025123041777,46,0.0943665561295584
True onset,D26_z,2,1.24540043237628,0.616955393814724,47,0.089992193273365
True onset,D26_z,3,1.25077181233905,0.616016928392741,47,0.0898553040225663
True onset,D26_z,4,1.24902309128771,0.609417395738151,47,0.0888926632480145
True onset,D26_z,5,1.23439912853158,0.626165003977374,47,0.0913355529814388
True onset,D26_z,6,1.25204444040038,0.618355392407376,47,0.0901964040561792
True onset,D26_z,7,1.2631512416532,0.590048275739626,47,0.0860673867241079
True onset,D26_z,8,1.27163985008014,0.566161715991755,47,0.0825831738895707
True onset,D26_z,9,1.28320912528641,0.561734124732756,47,0.0819373433282207
True onset,D26_z,10,1.28918873553138,0.551333639049854,47,0.0804202765725103
True onset,D26_z,11,1.27632448606806,0.545891383548733,47,0.0796264420201098
True onset,D26_z,12,1.25947841150291,0.556318149087824,47,0.0811473420868199
True onset,D26_z,13,1.26264078792327,0.578223992027494,47,0.0843426376809691
True onset,D26_z,14,1.26765415569846,0.594520374779169,47,0.0867197094124886
True onset,D26_z,15,1.26149861452201,0.599396201528837,46,0.0883761484652266
True onset,D26_z,16,1.28009082047036,0.604772460853726,47,0.0882151298605896
True onset,D26_z,17,1.29794461032002,0.594120012978885,47,0.086661310641894
True onset,D26_z,18,1.30725130441447,0.587992723294446,46,0.0866947973273783
True onset,D26_z,19,1.27496602001249,0.592847632737059,46,0.087410614672552
True onset,D26_z,20,1.24195697522446,0.619592765397946,46,0.0913539693496955
True onset,D26_z,21,1.22311300202727,0.636659940507959,46,0.0938703870339539
True onset,D26_z,22,1.23494647707068,0.637628111505863,46,0.0940131360597773
True onset,D26_z,23,1.2520285192451,0.643960171251738,46,0.0949467473351988
True onset,D26_z,24,1.26456490155704,0.648387940905589,46,0.0955995863543658
True onset,D26_z,25,1.29135746599013,0.630776208590389,46,0.0930028780905364
True onset,D26_z,26,1.30737169551545,0.631185494591204,46,0.0930632240191234
True onset,D26_z,27,1.29919944268892,0.645735243623968,46,0.0952084674780768
True onset,D26_z,28,1.2962704871656,0.649379306991119,46,0.0957457553092821
True onset,D26_z,29,1.28845436120034,0.660790816153777,46,0.0974282905429038
True onset,D26_z,30,1.27198667168869,0.665453975872114,46,0.0981158359336382
Failed P90 spell,SLA_z,-30,1.32672228747241,0.788748387508538,13,0.21875944266166
Failed P90 spell,SLA_z,-29,1.34994196400291,0.761010438406913,13,0.211066319756881
Failed P90 spell,SLA_z,-28,1.37498781091503,0.738488468796869,13,0.204819849275846
Failed P90 spell,SLA_z,-27,1.40197106488071,0.721296255095164,13,0.200051587118905
Failed P90 spell,SLA_z,-26,1.43013829764729,0.708818788558035,13,0.196590960550636
Failed P90 spell,SLA_z,-25,1.4583947006676,0.699250478962574,13,0.193937188945563
Failed P90 spell,SLA_z,-24,1.48408392287359,0.692629061979032,13,0.192100738295533
Failed P90 spell,SLA_z,-23,1.50520963112144,0.688931758947993,13,0.191075290937122
Failed P90 spell,SLA_z,-22,1.5204807402827,0.687841146932536,13,0.190772809587632
Failed P90 spell,SLA_z,-21,1.52989452072464,0.688179637293715,13,0.190866689922515
Failed P90 spell,SLA_z,-20,1.53455644265431,0.688275600133481,13,0.19089330522554
Failed P90 spell,SLA_z,-19,1.53559084966213,0.687044864595958,13,0.190551960603457
Failed P90 spell,SLA_z,-18,1.53605720820283,0.683627161486896,13,0.189604060310839
Failed P90 spell,SLA_z,-17,1.53791698898323,0.678848752045163,13,0.188278767983352
Failed P90 spell,SLA_z,-16,1.54216467243418,0.674178101144956,13,0.18698336249793
Failed P90 spell,SLA_z,-15,1.47629553089583,0.697919715593997,14,0.186526889944818
Failed P90 spell,SLA_z,-14,1.49137127644026,0.685744694358188,14,0.183272978649025
Failed P90 spell,SLA_z,-13,1.5043954120775,0.678650002461257,14,0.181376842481666
Failed P90 spell,SLA_z,-12,1.51376166195904,0.67582862270343,14,0.180622797023682
Failed P90 spell,SLA_z,-11,1.51871031359046,0.676543250464408,14,0.180813789326586
Failed P90 spell,SLA_z,-10,1.5199045898322,0.680314765357662,14,0.181821769080848
Failed P90 spell,SLA_z,-9,1.51869663168252,0.686922732182264,14,0.183587822500907
Failed P90 spell,SLA_z,-8,1.5169366308985,0.695526404773862,14,0.185887250722746
Failed P90 spell,SLA_z,-7,1.51635642488551,0.705193861497218,14,0.188470987212765
Failed P90 spell,SLA_z,-6,1.51782157084679,0.715610581905241,14,0.191254972845667
Failed P90 spell,SLA_z,-5,1.52159259720159,0.727504755148915,14,0.194433824358293
Failed P90 spell,SLA_z,-4,1.52624104180705,0.742670126747122,14,0.198486940405693
Failed P90 spell,SLA_z,-3,1.53080286866698,0.762983020432175,14,0.203915789598796
Failed P90 spell,SLA_z,-2,1.53450763550957,0.789486182299605,14,0.210999057554091
Failed P90 spell,SLA_z,-1,1.53662530941468,0.821453098651667,14,0.219542575318454
Failed P90 spell,SLA_z,0,1.53650479843779,0.855920453267999,14,0.228754363318651
Failed P90 spell,SLA_z,1,1.53361967796715,0.888458873514691,14,0.23745062192365
Failed P90 spell,SLA_z,2,1.52623317234024,0.915472286391041,14,0.244670260197276
Failed P90 spell,SLA_z,3,1.51358895951647,0.934255209675243,14,0.249690207600958
Failed P90 spell,SLA_z,4,1.49455336662409,0.945440453784085,14,0.252679589832581
Failed P90 spell,SLA_z,5,1.4688153541637,0.952502970709961,14,0.254567126877218
Failed P90 spell,SLA_z,6,1.4364825958717,0.960851859449138,14,0.256798461250239
Failed P90 spell,SLA_z,7,1.39975528557469,0.974439303712964,14,0.260429858478605
Failed P90 spell,SLA_z,8,1.36073761451882,0.995676095023152,14,0.266105629698401
Failed P90 spell,SLA_z,9,1.32201969013375,1.02446630247716,14,0.273800136297476
Failed P90 spell,SLA_z,10,1.28621630361256,1.05816236558566,14,0.282805787971413
Failed P90 spell,SLA_z,11,1.25568015440464,1.09266757667853,14,0.292027693540543
Failed P90 spell,SLA_z,12,1.23250289031837,1.1238168817617,14,0.300352695501781
Failed P90 spell,SLA_z,13,1.21680721911065,1.14944351984091,14,0.30720170262087
Failed P90 spell,SLA_z,14,1.20748745985139,1.16897497265829,14,0.312421702957196
Failed P90 spell,SLA_z,15,1.2030502782666,1.18450521534005,14,0.316572334903525
Failed P90 spell,SLA_z,16,1.20245542727692,1.19887374874439,14,0.32041248698563
Failed P90 spell,SLA_z,17,1.20425675018368,1.21425583628712,14,0.324523522805505
Failed P90 spell,SLA_z,18,1.20810495491394,1.23099415480828,14,0.328997026600995
Failed P90 spell,SLA_z,19,1.21457572116514,1.24706912169938,14,0.333293242216012
Failed P90 spell,SLA_z,20,1.22441832232455,1.25986804806938,14,0.336713899172805
Failed P90 spell,SLA_z,21,1.23771875451064,1.26596662230851,14,0.338343811697849
Failed P90 spell,SLA_z,22,1.25427993388875,1.2633786831928,14,0.337652155875792
Failed P90 spell,SLA_z,23,1.27323205579716,1.25240757498021,14,0.334720003869739
Failed P90 spell,SLA_z,24,1.29361023188747,1.23591103559805,14,0.330311118267204
Failed P90 spell,SLA_z,25,1.31290836353498,1.21693222498111,14,0.3252388177717
Failed P90 spell,SLA_z,26,1.32853416534754,1.19848555192141,14,0.320308737020615
Failed P90 spell,SLA_z,27,1.33850245890828,1.18281722102751,14,0.316121199447214
Failed P90 spell,SLA_z,28,1.34208981171848,1.17149281151818,14,0.313094623697828
Failed P90 spell,SLA_z,29,1.3395888496614,1.16546506291247,14,0.31148364011953
Failed P90 spell,SLA_z,30,1.33286677588276,1.16511620890304,14,0.311390404963723
Failed P90 spell,SLA_anom,-30,0.0356288087494772,0.0219170105909642,13,0.00607868503773913
Failed P90 spell,SLA_anom,-29,0.0362273999523924,0.0213460046554253,13,0.00592031648549454
Failed P90 spell,SLA_anom,-28,0.0368589922548578,0.0209053666198368,13,0.00579810548309191
Failed P90 spell,SLA_anom,-27,0.0375272362720112,0.0205724282656636,13,0.00570576499789652
Failed P90 spell,SLA_anom,-26,0.0382136648007483,0.0203143347083844,13,0.00563418272446291
Failed P90 spell,SLA_anom,-25,0.0388900834742552,0.0200797555612083,13,0.00556912217497843
Failed P90 spell,SLA_anom,-24,0.0394956715381316,0.0198617565108724,13,0.00550866011697931
Failed P90 spell,SLA_anom,-23,0.0399807666401983,0.0196564669218688,13,0.00545172302932769
Failed P90 spell,SLA_anom,-22,0.0403123264629186,0.0194584888897167,13,0.00539681380268616
Failed P90 spell,SLA_anom,-21,0.0404916586895516,0.0192531317464791,13,0.00533985797886108
Failed P90 spell,SLA_anom,-20,0.0405519811572117,0.0190258249805749,13,0.00527681442503587
Failed P90 spell,SLA_anom,-19,0.0405351061835455,0.0187788501434825,13,0.00520831592973696
Failed P90 spell,SLA_anom,-18,0.0405217674359674,0.0185251096731384,13,0.00513794098539187
Failed P90 spell,SLA_anom,-17,0.0405690321580229,0.0183069070726778,13,0.0050774224727457
Failed P90 spell,SLA_anom,-16,0.0407021278848642,0.0181648841769464,13,0.00503803240868035
Failed P90 spell,SLA_anom,-15,0.0389473521937118,0.0188637606463138,14,0.00504155209747255
Failed P90 spell,SLA_anom,-14,0.0393548754044536,0.0186495961233399,14,0.00498431422108895
Failed P90 spell,SLA_anom,-13,0.0397030197888329,0.0185673414531081,14,0.00496233073576971
Failed P90 spell,SLA_anom,-12,0.0399485424446511,0.0185585895362151,14,0.00495999168759177
Failed P90 spell,SLA_anom,-11,0.0400729705379692,0.0185651300725571,14,0.0049617397194573
Failed P90 spell,SLA_anom,-10,0.0400949504544256,0.0185424618441387,14,0.00495568138057826
Failed P90 spell,SLA_anom,-9,0.0400526996225827,0.0184708761908899,14,0.00493654930998788
Failed P90 spell,SLA_anom,-8,0.0399950481008631,0.0183477025685996,14,0.00490362977472372
Failed P90 spell,SLA_anom,-7,0.0399658423379567,0.018198030617419,14,0.00486362826317173
Failed P90 spell,SLA_anom,-6,0.0399860256144547,0.0180745556282442,14,0.00483062818421974
Failed P90 spell,SLA_anom,-5,0.0400637616078038,0.0180575038253259,14,0.00482607089819496
Failed P90 spell,SLA_anom,-4,0.0401566605716325,0.0181930222032436,14,0.00486228970817921
Failed P90 spell,SLA_anom,-3,0.0402321848585016,0.0185004652337783,14,0.00494445731433721
Failed P90 spell,SLA_anom,-2,0.0402600511359573,0.0189598239776792,14,0.00506722610271551
Failed P90 spell,SLA_anom,-1,0.0402146721881188,0.019521625599224,14,0.00521737390179798
Failed P90 spell,SLA_anom,0,0.040083011307479,0.0201155320477218,14,0.00537610207680331
Failed P90 spell,SLA_anom,1,0.0398675602995541,0.0206628359844503,14,0.00552237520663692
Failed P90 spell,SLA_anom,2,0.0395502559416315,0.0211097635421913,14,0.00564182162076366
Failed P90 spell,SLA_anom,3,0.0391372918698537,0.0214268562204402,14,0.00572656820375379
Failed P90 spell,SLA_anom,4,0.038621940549479,0.0216495686254048,14,0.00578609059769395
Failed P90 spell,SLA_anom,5,0.0380084681473157,0.0218734636637465,14,0.00584592906369917
Failed P90 spell,SLA_anom,6,0.0373023518414823,0.0222322340301737,14,0.00594181447739189
Failed P90 spell,SLA_anom,7,0.0365499445651996,0.0228248706343715,14,0.00610020327223254
Failed P90 spell,SLA_anom,8,0.0357890835409125,0.0236910513422642,14,0.00633169980394454
Failed P90 spell,SLA_anom,9,0.0350611998548727,0.0247852741145508,14,0.0066241431409947
Failed P90 spell,SLA_anom,10,0.0344004986137623,0.0259863728779601,14,0.00694515028816297
Failed P90 spell,SLA_anom,11,0.0338324544057482,0.027143565949004,14,0.00725442314546261
Failed P90 spell,SLA_anom,12,0.0333852473171803,0.0281303317867852,14,0.00751814740874475
Failed P90 spell,SLA_anom,13,0.0330440886477235,0.0288834248336939,14,0.00771941999173719
Failed P90 spell,SLA_anom,14,0.0327846514327871,0.0294039156147976,14,0.00785852700429894
Failed P90 spell,SLA_anom,15,0.0325801659888913,0.0297614459551612,14,0.00795408100708588
Failed P90 spell,SLA_anom,16,0.0324257309161403,0.0300509932528135,14,0.00803146577744882
Failed P90 spell,SLA_anom,17,0.0323009932192766,0.0303384966491033,14,0.00810830429219528
Failed P90 spell,SLA_anom,18,0.0322180827893184,0.0306447038904555,14,0.00819014161980165
Failed P90 spell,SLA_anom,19,0.0322103728598344,0.030928784602208,14,0.00826606538362797
Failed P90 spell,SLA_anom,20,0.0323138492228515,0.0311340934536497,14,0.00832093648223991
Failed P90 spell,SLA_anom,21,0.0325383303681987,0.031180457647874,14,0.00833332783436856
Failed P90 spell,SLA_anom,22,0.0328775283255203,0.0310213423751583,14,0.00829080248897533
Failed P90 spell,SLA_anom,23,0.0332998219616348,0.0306657802229443,14,0.00819577450659755
Failed P90 spell,SLA_anom,24,0.033762233981284,0.0301741545452646,14,0.00806438201742483
Failed P90 spell,SLA_anom,25,0.0341920392782611,0.0296310287290906,14,0.00791922553727948
Failed P90 spell,SLA_anom,26,0.0345184316075745,0.0291191283230486,14,0.00778241439902521
Failed P90 spell,SLA_anom,27,0.0346917403272583,0.0286998215698437,14,0.00767034995542143
Failed P90 spell,SLA_anom,28,0.0346962184185358,0.0284119110860023,14,0.00759340264195036
Failed P90 spell,SLA_anom,29,0.0345457465230051,0.0282708186755166,14,0.00755569410909953
Failed P90 spell,SLA_anom,30,0.0342874305768719,0.0282713943404082,14,0.00755584796201338
Failed P90 spell,T100_z,-30,0.729452239869972,0.602902972841214,13,0.167215198669898
Failed P90 spell,T100_z,-29,0.727526065746694,0.580492205403766,13,0.160999570122342
Failed P90 spell,T100_z,-28,0.73249262223372,0.565925052448922,13,0.156959368821095
Failed P90 spell,T100_z,-27,0.754583295802994,0.558732992548161,13,0.154964650301987
Failed P90 spell,T100_z,-26,0.780463411103584,0.558528223794837,13,0.154907857668162
Failed P90 spell,T100_z,-25,0.813446452743033,0.561893098106891,13,0.155841105888747
Failed P90 spell,T100_z,-24,0.837273987243691,0.550461333629549,13,0.152670504889356
Failed P90 spell,T100_z,-23,0.846587809617594,0.524019371250544,13,0.145336824029249
Failed P90 spell,T100_z,-22,0.847473698981681,0.492002264097149,13,0.136456876218973
Failed P90 spell,T100_z,-21,0.854395835628667,0.452453764577149,13,0.125488095996894
Failed P90 spell,T100_z,-20,0.868676097240467,0.417702706141046,13,0.115849886530124
Failed P90 spell,T100_z,-19,0.870145896935553,0.394965580163168,13,0.10954374240936
Failed P90 spell,T100_z,-18,0.862112672732392,0.38322097778326,13,0.106286375786999
Failed P90 spell,T100_z,-17,0.856089665759922,0.375714266388265,13,0.104204388645094
Failed P90 spell,T100_z,-16,0.860036939781546,0.382999129075847,13,0.106224846026232
Failed P90 spell,T100_z,-15,0.842575579680708,0.393098304043022,14,0.105059940932206
Failed P90 spell,T100_z,-14,0.857084253334438,0.391589569797047,14,0.104656714743911
Failed P90 spell,T100_z,-13,0.873519453145544,0.377167566776479,14,0.100802272305769
Failed P90 spell,T100_z,-12,0.902631654095551,0.34542687488206,14,0.092319215570907
Failed P90 spell,T100_z,-11,0.941238962373099,0.305175691198021,14,0.0815616342310656
Failed P90 spell,T100_z,-10,0.980031386203874,0.267440268456362,14,0.0714764182850396
Failed P90 spell,T100_z,-9,1.0054877466162,0.252195953272393,14,0.0674022036768675
Failed P90 spell,T100_z,-8,1.0229162813486,0.269228914495892,14,0.071954454046906
Failed P90 spell,T100_z,-7,1.02990354379333,0.295963738105409,14,0.079099636207095
Failed P90 spell,T100_z,-6,1.02709934651449,0.298313556008534,14,0.0797276514581523
Failed P90 spell,T100_z,-5,1.03164889856199,0.27407032779157,14,0.0732483761769202
Failed P90 spell,T100_z,-4,1.04719907696867,0.23905337798569,14,0.0638897026838156
Failed P90 spell,T100_z,-3,1.07783119489032,0.200681667145897,14,0.0536344315904683
Failed P90 spell,T100_z,-2,1.1194535575607,0.171706018934964,14,0.0458903638643968
Failed P90 spell,T100_z,-1,1.17220031142468,0.163839449718239,14,0.0437879348059446
Failed P90 spell,T100_z,0,1.21545910970821,0.161574586590883,14,0.0431826246737661
Failed P90 spell,T100_z,1,1.21787593898478,0.147890741603191,14,0.0395254632682184
Failed P90 spell,T100_z,2,1.18356302455556,0.134626251059854,14,0.0359803790522703
Failed P90 spell,T100_z,3,1.13161818491169,0.143256115761449,14,0.0382868074099548
Failed P90 spell,T100_z,4,1.07555589180738,0.172927261359762,14,0.0462167546315245
Failed P90 spell,T100_z,5,1.03605584095032,0.201067370057689,14,0.053737515029683
Failed P90 spell,T100_z,6,1.01604644683764,0.21423818702932,14,0.0572575639305223
Failed P90 spell,T100_z,7,1.01222837727168,0.212401026804883,14,0.0567665622073471
Failed P90 spell,T100_z,8,1.01128393920111,0.222076372140854,14,0.0593524070177704
Failed P90 spell,T100_z,9,1.02076756523988,0.237495855157543,14,0.0634734371984581
Failed P90 spell,T100_z,10,1.02647801189634,0.244179668399251,14,0.0652597614261477
Failed P90 spell,T100_z,11,1.01430245670887,0.246910312148315,14,0.065989556665743
Failed P90 spell,T100_z,12,0.990845201631104,0.256347404436155,14,0.0685117256706334
Failed P90 spell,T100_z,13,0.971673051482025,0.262076856945374,14,0.0700429862637256
Failed P90 spell,T100_z,14,0.948149758048469,0.266338979733076,14,0.0711820864931498
Failed P90 spell,T100_z,15,0.925434680147377,0.282007593969712,14,0.07536969979308
Failed P90 spell,T100_z,16,0.904781924603516,0.303016183159678,14,0.0809844814308183
Failed P90 spell,T100_z,17,0.889392728945597,0.325414123407393,14,0.0869705827577029
Failed P90 spell,T100_z,18,0.887321941538708,0.346628483036049,14,0.0926403588584341
Failed P90 spell,T100_z,19,0.888574686432849,0.36010034303499,14,0.0962408648926213
Failed P90 spell,T100_z,20,0.891112043316692,0.364576288899624,14,0.0974371117431363
Failed P90 spell,T100_z,21,0.902607392680084,0.372036286703164,14,0.0994308800207743
Failed P90 spell,T100_z,22,0.910570499114148,0.368083595307645,14,0.0983744788095114
Failed P90 spell,T100_z,23,0.917607475873466,0.353525269019059,14,0.0944836024454576
Failed P90 spell,T100_z,24,0.910116417568791,0.354042574582008,14,0.0946218581726595
Failed P90 spell,T100_z,25,0.89963354280371,0.369080568602176,14,0.0986409311303613
Failed P90 spell,T100_z,26,0.898848130288022,0.374092268361248,14,0.0999803642320632
Failed P90 spell,T100_z,27,0.896589581588779,0.379664646223716,14,0.101469644859991
Failed P90 spell,T100_z,28,0.905472489973493,0.386205852072438,14,0.103217855658726
Failed P90 spell,T100_z,29,0.926820083592011,0.391042764476335,14,0.104510574874813
Failed P90 spell,T100_z,30,0.946034621572964,0.378867963916293,14,0.1012567225571
Failed P90 spell,D26_z,-30,0.353598699892773,0.478992354688238,13,0.132848576567975
Failed P90 spell,D26_z,-29,0.346919653702481,0.441590742581317,13,0.122475235780551
Failed P90 spell,D26_z,-28,0.349153758641912,0.416929310154402,13,0.115635385077348
Failed P90 spell,D26_z,-27,0.376283376742343,0.396410221470435,13,0.109944413817668
Failed P90 spell,D26_z,-26,0.413881008551437,0.399662647273018,13,0.110846474433119
Failed P90 spell,D26_z,-25,0.457943656848866,0.402470412089405,13,0.111625208280421
Failed P90 spell,D26_z,-24,0.502284658820871,0.407463150268432,13,0.113009944704225
Failed P90 spell,D26_z,-23,0.531715535247879,0.406018339114239,13,0.112609226188855
Failed P90 spell,D26_z,-22,0.555064312110167,0.405149416657511,13,0.112368230460229
Failed P90 spell,D26_z,-21,0.571807877160063,0.358114518754856,13,0.0993230969122111
Failed P90 spell,D26_z,-20,0.615977651886098,0.336497835062836,13,0.09332770756936
Failed P90 spell,D26_z,-19,0.652455530532511,0.329517507321308,13,0.0913917129853889
Failed P90 spell,D26_z,-18,0.662299061173761,0.335054357585426,13,0.0929273589493769
Failed P90 spell,D26_z,-17,0.671812989365264,0.327834490729531,13,0.0909249281685345
Failed P90 spell,D26_z,-16,0.672672430633281,0.309331432788994,13,0.0857931032333432
Failed P90 spell,D26_z,-15,0.64053141188223,0.345601937660111,14,0.0923660030663814
Failed P90 spell,D26_z,-14,0.638205027377604,0.331837491978504,14,0.0886873002192791
Failed P90 spell,D26_z,-13,0.64334629434949,0.331142970917572,14,0.0885016816580003
Failed P90 spell,D26_z,-12,0.656570467687339,0.339187495918477,14,0.0906516714003376
Failed P90 spell,D26_z,-11,0.680928926169581,0.354514479466473,14,0.0947479800581463
Failed P90 spell,D26_z,-10,0.72196882955655,0.364521291385766,14,0.0974224130392807
Failed P90 spell,D26_z,-9,0.746879294419225,0.383909275065515,14,0.102604069635708
Failed P90 spell,D26_z,-8,0.744546915380444,0.422324448582839,14,0.112870956618229
Failed P90 spell,D26_z,-7,0.752237069232008,0.470546599411204,14,0.125758868536306
Failed P90 spell,D26_z,-6,0.757800827108851,0.484898191942856,14,0.129594492979737
Failed P90 spell,D26_z,-5,0.770513039868751,0.476768473753158,14,0.12742173439996
Failed P90 spell,D26_z,-4,0.795599282683973,0.453732966006203,14,0.121265235991426
Failed P90 spell,D26_z,-3,0.836773238338737,0.430144845655528,14,0.114961045652125
Failed P90 spell,D26_z,-2,0.894849314549917,0.428823639228433,14,0.114607938381596
Failed P90 spell,D26_z,-1,0.984611148432484,0.441498495853832,14,0.117995436304362
Failed P90 spell,D26_z,0,1.0712499254805,0.456104974795922,14,0.121899182006393
Failed P90 spell,D26_z,1,1.11264938761248,0.453570210885896,14,0.121221737855845
Failed P90 spell,D26_z,2,1.11581927309875,0.421319717240941,14,0.112602430872005
Failed P90 spell,D26_z,3,1.07584781177158,0.39776465340065,14,0.106307075256723
Failed P90 spell,D26_z,4,1.02431722285471,0.381222842774289,14,0.101886090405241
Failed P90 spell,D26_z,5,0.977562126054955,0.382862661533184,14,0.102324350403255
Failed P90 spell,D26_z,6,0.951287589395019,0.385426361762393,14,0.103009528110405
Failed P90 spell,D26_z,7,0.95043274577867,0.376348370333541,14,0.100583332847059
Failed P90 spell,D26_z,8,0.951113574340731,0.361630081942608,14,0.0966497048128732
Failed P90 spell,D26_z,9,0.94474794643976,0.344263378244735,14,0.0920082580146545
Failed P90 spell,D26_z,10,0.93280671171596,0.330534875424967,14,0.0883391613014452
Failed P90 spell,D26_z,11,0.912185241054007,0.330369566679403,14,0.0882949806808069
Failed P90 spell,D26_z,12,0.88387036625107,0.338215858351282,14,0.0903919903374402
Failed P90 spell,D26_z,13,0.859917464660009,0.336020709343548,14,0.0898053120874505
Failed P90 spell,D26_z,14,0.834221586095378,0.335943648677659,14,0.0897847167581823
Failed P90 spell,D26_z,15,0.787122668466711,0.362261307048739,14,0.0968184068186641
Failed P90 spell,D26_z,16,0.73873413148721,0.408495500117951,14,0.10917501467716
Failed P90 spell,D26_z,17,0.690229296736803,0.431927492442311,14,0.115437478046251
Failed P90 spell,D26_z,18,0.648102024831987,0.451575439842231,14,0.120688612869384
Failed P90 spell,D26_z,19,0.611687778580893,0.537268187450748,14,0.143590963018124
Failed P90 spell,D26_z,20,0.621262292650478,0.595883021930282,14,0.159256436475615
Failed P90 spell,D26_z,21,0.649112256108689,0.633719885672231,14,0.16936876366936
Failed P90 spell,D26_z,22,0.659829076156409,0.639753735505872,14,0.170981377869412
Failed P90 spell,D26_z,23,0.670598695587486,0.620372443310454,14,0.165801509647397
Failed P90 spell,D26_z,24,0.683669717193669,0.61376711870059,14,0.16403616238893
Failed P90 spell,D26_z,25,0.652740075399204,0.579140898368416,14,0.15478191574022
Failed P90 spell,D26_z,26,0.639498569924105,0.573798209836255,14,0.153354022167963
Failed P90 spell,D26_z,27,0.687540377150684,0.581419614862353,14,0.155390928340356
Failed P90 spell,D26_z,28,0.722139813333311,0.594355364128801,14,0.158848152754374
Failed P90 spell,D26_z,29,0.748721364234293,0.605098853517535,14,0.161719471070881
Failed P90 spell,D26_z,30,0.77300768549316,0.60921363491259,14,0.162819192656721
Near-miss P85-P90,SLA_z,-30,1.2717784129804,1.08174285287633,47,0.157788412037714
Near-miss P85-P90,SLA_z,-29,1.28165664186737,1.08208115269635,47,0.157837758138086
Near-miss P85-P90,SLA_z,-28,1.29340359630163,1.08280170387644,47,0.157942861329842
Near-miss P85-P90,SLA_z,-27,1.30627892530608,1.08201939149275,47,0.157828749340647
Near-miss P85-P90,SLA_z,-26,1.32078923163361,1.0798758649558,47,0.157516083860559
Near-miss P85-P90,SLA_z,-25,1.33696116074545,1.07647479509332,47,0.157019986833985
Near-miss P85-P90,SLA_z,-24,1.35467746301474,1.07253384744396,47,0.156445140538618
Near-miss P85-P90,SLA_z,-23,1.37286836164906,1.06918273394596,47,0.155956330396723
Near-miss P85-P90,SLA_z,-22,1.39036742919707,1.06730657208836,47,0.155682664063316
Near-miss P85-P90,SLA_z,-21,1.40620966354361,1.06685540667512,47,0.155616854824149
Near-miss P85-P90,SLA_z,-20,1.419471663178,1.06715176254623,47,0.155660082770769
Near-miss P85-P90,SLA_z,-19,1.43007349457615,1.06739885740793,47,0.155696125260669
Near-miss P85-P90,SLA_z,-18,1.43808264968927,1.06630116351545,47,0.155536010150376
Near-miss P85-P90,SLA_z,-17,1.44461358443819,1.06445265787007,47,0.155266377890129
Near-miss P85-P90,SLA_z,-16,1.44976762765834,1.06167497938389,47,0.154861211841358
Near-miss P85-P90,SLA_z,-15,1.45401676999052,1.05764336553656,47,0.154273140521795
Near-miss P85-P90,SLA_z,-14,1.43828723764782,1.04868415293028,48,0.151364519497297
Near-miss P85-P90,SLA_z,-13,1.44257024810942,1.03835961173352,48,0.149874300337495
Near-miss P85-P90,SLA_z,-12,1.44510375316409,1.02547476391444,48,0.148014532748293
Near-miss P85-P90,SLA_z,-11,1.44582311157043,1.00938454563698,48,0.14569210978484
Near-miss P85-P90,SLA_z,-10,1.44811066387431,0.994857238376322,48,0.143595273595454
Near-miss P85-P90,SLA_z,-9,1.44824332986114,0.974632785283474,48,0.140676125236112
Near-miss P85-P90,SLA_z,-8,1.44889918154652,0.95393525208049,48,0.137688693644536
Near-miss P85-P90,SLA_z,-7,1.40847613334212,0.898299048835766,47,0.131030383120996
Near-miss P85-P90,SLA_z,-6,1.45366834905688,0.921979255204713,48,0.133076242794923
Near-miss P85-P90,SLA_z,-5,1.45740124471235,0.915414429947998,48,0.132128691887636
Near-miss P85-P90,SLA_z,-4,1.46119040578637,0.916717561086072,48,0.132316782665975
Near-miss P85-P90,SLA_z,-3,1.46414636744944,0.924853585062353,48,0.133491116574185
Near-miss P85-P90,SLA_z,-2,1.46481807913555,0.937888147827016,48,0.135372493654422
Near-miss P85-P90,SLA_z,-1,1.4620648737275,0.95359633076478,48,0.137639774566321
Near-miss P85-P90,SLA_z,0,1.45510229092394,0.970723844713859,48,0.140111918263584
Near-miss P85-P90,SLA_z,1,1.44339467291017,0.989250813103227,48,0.142786055810301
Near-miss P85-P90,SLA_z,2,1.42686109109993,1.01013763893222,48,0.145800809439023
Near-miss P85-P90,SLA_z,3,1.40548910506135,1.03383302889679,48,0.149220944382672
Near-miss P85-P90,SLA_z,4,1.38019617645738,1.06039767608755,48,0.153055220934301
Near-miss P85-P90,SLA_z,5,1.35192744558918,1.08793378792589,48,0.157029716329876
Near-miss P85-P90,SLA_z,6,1.3218515975745,1.1138108332886,48,0.160764746106374
Near-miss P85-P90,SLA_z,7,1.29110096514781,1.13554060444769,48,0.163901168413407
Near-miss P85-P90,SLA_z,8,1.26125670804681,1.15142726516646,48,0.166194210374032
Near-miss P85-P90,SLA_z,9,1.2334926846336,1.16111499202505,48,0.167592513301443
Near-miss P85-P90,SLA_z,10,1.2084629261329,1.16545552748873,48,0.168219015631038
Near-miss P85-P90,SLA_z,11,1.18693052173865,1.16591609352064,48,0.168285492611664
Near-miss P85-P90,SLA_z,12,1.16898792071968,1.16449335146984,48,0.168080137485161
Near-miss P85-P90,SLA_z,13,1.15455848734814,1.16337725368098,48,0.167919042645451
Near-miss P85-P90,SLA_z,14,1.14318442373618,1.16391525202402,48,0.167996696017495
Near-miss P85-P90,SLA_z,15,1.13417746728456,1.16690856883946,48,0.168428744084786
Near-miss P85-P90,SLA_z,16,1.12730333204774,1.17230257123602,48,0.169207301268701
Near-miss P85-P90,SLA_z,17,1.122647904022,1.17905031295782,48,0.170181253893577
Near-miss P85-P90,SLA_z,18,1.11980092299016,1.1860595752046,48,0.171192953754827
Near-miss P85-P90,SLA_z,19,1.11866630443648,1.19240377586996,48,0.172108660245312
Near-miss P85-P90,SLA_z,20,1.11958166579927,1.19778530815356,48,0.17288541752346
Near-miss P85-P90,SLA_z,21,1.12257754495903,1.20216311286324,48,0.173517299205357
Near-miss P85-P90,SLA_z,22,1.12779465882211,1.20550997607022,48,0.17400037729873
Near-miss P85-P90,SLA_z,23,1.13531587134796,1.20748319327426,48,0.174285186669711
Near-miss P85-P90,SLA_z,24,1.14498966510601,1.2076827806441,48,0.174313994625136
Near-miss P85-P90,SLA_z,25,1.1572702680184,1.20677904168135,48,0.174183551141781
Near-miss P85-P90,SLA_z,26,1.17089344122793,1.20487548648513,48,0.173908796615543
Near-miss P85-P90,SLA_z,27,1.18471382520097,1.20404392479325,48,0.173788771023879
Near-miss P85-P90,SLA_z,28,1.19732381927359,1.20630585678641,48,0.174115252785164
Near-miss P85-P90,SLA_z,29,1.20682885343287,1.21340199192535,48,0.175139491668332
Near-miss P85-P90,SLA_z,30,1.21164154680926,1.22600456894427,48,0.176958516976921
Near-miss P85-P90,SLA_anom,-30,0.0333273034460791,0.0290506433984447,47,0.00423747185232251
Near-miss P85-P90,SLA_anom,-29,0.0336799989369975,0.029157104710671,47,0.00425300083072524
Near-miss P85-P90,SLA_anom,-28,0.0340791044455908,0.0292318446403908,47,0.00426390276993838
Near-miss P85-P90,SLA_anom,-27,0.0345127149850372,0.0292338612925255,47,0.00426419692888486
Near-miss P85-P90,SLA_anom,-26,0.0349874911468787,0.0291652544301272,47,0.00425418958948443
Near-miss P85-P90,SLA_anom,-25,0.0355024181502134,0.0290400829153794,47,0.00423593144754997
Near-miss P85-P90,SLA_anom,-24,0.0360498747081562,0.0288890110439009,47,0.00421389535030118
Near-miss P85-P90,SLA_anom,-23,0.0366001884859467,0.0287513914127009,47,0.00419382146396625
Near-miss P85-P90,SLA_anom,-22,0.0371187271005525,0.0286578467659068,47,0.00418017657485696
Near-miss P85-P90,SLA_anom,-21,0.0375763566615133,0.0286114829362825,47,0.004173413715243
Near-miss P85-P90,SLA_anom,-20,0.0379460136118286,0.0285918176906659,47,0.00417054524435834
Near-miss P85-P90,SLA_anom,-19,0.0382225330533185,0.0285686584524936,47,0.00416716712227924
Near-miss P85-P90,SLA_anom,-18,0.0384115828181452,0.0285050909255997,47,0.00415789484550931
Near-miss P85-P90,SLA_anom,-17,0.0385390300771394,0.0283960650020189,47,0.00414199178009315
Near-miss P85-P90,SLA_anom,-16,0.0386123228723876,0.0282268552694674,47,0.00411731000389316
Near-miss P85-P90,SLA_anom,-15,0.0386472463233658,0.0279907792529677,47,0.00408287477775357
Near-miss P85-P90,SLA_anom,-14,0.0381260837092103,0.0276236400568454,48,0.00398712900570425
Near-miss P85-P90,SLA_anom,-13,0.0381407464440247,0.0272051063124724,48,0.00392671886320958
Near-miss P85-P90,SLA_anom,-12,0.0381055018049326,0.0267322560998642,48,0.00385846881382565
Near-miss P85-P90,SLA_anom,-11,0.0380266804165052,0.0262015345371118,48,0.0037818657545457
Near-miss P85-P90,SLA_anom,-10,0.0379901936520316,0.02572502319752,48,0.00371308726699938
Near-miss P85-P90,SLA_anom,-9,0.0379035399447269,0.0251285033005238,48,0.00362698703622246
Near-miss P85-P90,SLA_anom,-8,0.0378368168155987,0.0245359359995198,48,0.00354145731353554
Near-miss P85-P90,SLA_anom,-7,0.0367926399823198,0.0232107675989438,47,0.00338563841847955
Near-miss P85-P90,SLA_anom,-6,0.0378247230111507,0.0236349881851152,48,0.00341141669774247
Near-miss P85-P90,SLA_anom,-5,0.0378545060587566,0.0233953370685205,48,0.00337682603857309
Near-miss P85-P90,SLA_anom,-4,0.0378892745255871,0.0233295020888436,48,0.00336732357776345
Near-miss P85-P90,SLA_anom,-3,0.0379060198119919,0.0234096786642157,48,0.00337889606960689
Near-miss P85-P90,SLA_anom,-2,0.0378687169808882,0.0235926423776436,48,0.00340530460690677
Near-miss P85-P90,SLA_anom,-1,0.0377495279660636,0.0238379325153184,48,0.0034407091886608
Near-miss P85-P90,SLA_anom,0,0.0375315590839723,0.0241291019607422,48,0.00348273587808461
Near-miss P85-P90,SLA_anom,1,0.037206070329742,0.0244814156052859,48,0.00353358797246373
Near-miss P85-P90,SLA_anom,2,0.0367743787608276,0.024930755420801,48,0.00359844458832505
Near-miss P85-P90,SLA_anom,3,0.0362415569888414,0.0254982010474936,48,0.00368034830965541
Near-miss P85-P90,SLA_anom,4,0.0356291429176558,0.0261940585323624,48,0.00378078668620706
Near-miss P85-P90,SLA_anom,5,0.034960303221973,0.0269790191622605,48,0.0038940859939508
Near-miss P85-P90,SLA_anom,6,0.0342608342777012,0.027789148768764,48,0.00401101813054911
Near-miss P85-P90,SLA_anom,7,0.0335523185407401,0.0285500742841999,48,0.00412084826834165
Near-miss P85-P90,SLA_anom,8,0.0328648203168765,0.0291944891319446,48,0.00421386153979545
Near-miss P85-P90,SLA_anom,9,0.0322210878345352,0.0296780053809259,48,0.00428365109892218
Near-miss P85-P90,SLA_anom,10,0.0316335880222039,0.0299850849161377,48,0.00432797421200147
Near-miss P85-P90,SLA_anom,11,0.0311198575039357,0.0301274003321305,48,0.0043485156729348
Near-miss P85-P90,SLA_anom,12,0.0306816242378363,0.0301449874983723,48,0.00435105416172579
Near-miss P85-P90,SLA_anom,13,0.0303186707106819,0.0301039946591797,48,0.00434513735504012
Near-miss P85-P90,SLA_anom,14,0.0300214469589131,0.0300551995105062,48,0.00433809438198467
Near-miss P85-P90,SLA_anom,15,0.0297791476174463,0.030045173272233,48,0.00433664721914317
Near-miss P85-P90,SLA_anom,16,0.0295936769779492,0.030098345578331,48,0.00434432198045295
Near-miss P85-P90,SLA_anom,17,0.0294766464314105,0.0302129459696761,48,0.00436086312215103
Near-miss P85-P90,SLA_anom,18,0.029425392976004,0.0303784829378642,48,0.00438475632543709
Near-miss P85-P90,SLA_anom,19,0.0294410342908523,0.0305813861037972,48,0.00441404287480479
Near-miss P85-P90,SLA_anom,20,0.0295290084680401,0.0308084580162171,48,0.00444681788224506
Near-miss P85-P90,SLA_anom,21,0.0296828838561865,0.0310470657817804,48,0.00448125794666474
Near-miss P85-P90,SLA_anom,22,0.0298965854555252,0.0312775235150731,48,0.00451452165525307
Near-miss P85-P90,SLA_anom,23,0.0301614121138164,0.0314738112729883,48,0.00454285335272083
Near-miss P85-P90,SLA_anom,24,0.0304648179857776,0.0316143171296582,48,0.00456313362626359
Near-miss P85-P90,SLA_anom,25,0.0308119975993952,0.0317268748970294,48,0.00457937994058638
Near-miss P85-P90,SLA_anom,26,0.0311600258388887,0.0317842835339673,48,0.00458766616358386
Near-miss P85-P90,SLA_anom,27,0.0314813077752,0.0318374265387368,48,0.00459533669561115
Near-miss P85-P90,SLA_anom,28,0.0317415743492881,0.0319244716087699,48,0.00460790056926496
Near-miss P85-P90,SLA_anom,29,0.0319006673982907,0.0320784150464271,48,0.0046301203905578
Near-miss P85-P90,SLA_anom,30,0.0319291720707965,0.0323123437309254,48,0.00466388508779938
Near-miss P85-P90,T100_z,-30,0.874382994686668,0.62152697034103,47,0.0906590262445064
Near-miss P85-P90,T100_z,-29,0.885662650708899,0.616855828985891,47,0.0899776702504537
Near-miss P85-P90,T100_z,-28,0.900240768722186,0.614156789606812,47,0.0895839748943718
Near-miss P85-P90,T100_z,-27,0.911062367399779,0.60455643162617,47,0.0881836187591487
Near-miss P85-P90,T100_z,-26,0.912327516402363,0.587457933317255,47,0.0856895464486921
Near-miss P85-P90,T100_z,-25,0.908387278765811,0.567949176223805,47,0.0828439017611215
Near-miss P85-P90,T100_z,-24,0.910119321457564,0.546834525084114,47,0.0797640133521494
Near-miss P85-P90,T100_z,-23,0.914163162627689,0.526285308768472,47,0.07676660208898
Near-miss P85-P90,T100_z,-22,0.918427519171664,0.510127604058951,47,0.0744097586289002
Near-miss P85-P90,T100_z,-21,0.925536723301047,0.496912215858348,47,0.0724820961413778
Near-miss P85-P90,T100_z,-20,0.931252833022915,0.491349468367583,47,0.0716706860259324
Near-miss P85-P90,T100_z,-19,0.93127554487391,0.487391351115878,47,0.0710933352866649
Near-miss P85-P90,T100_z,-18,0.935550025313918,0.484767915707372,47,0.0707106679031079
Near-miss P85-P90,T100_z,-17,0.94751517198441,0.477600777323518,47,0.0696652333236828
Near-miss P85-P90,T100_z,-16,0.968173680749281,0.462327464618306,47,0.0674373916957923
Near-miss P85-P90,T100_z,-15,0.987980160440743,0.44607177686909,47,0.0650662559404605
Near-miss P85-P90,T100_z,-14,0.991655322940672,0.428967946890777,48,0.0619161899027778
Near-miss P85-P90,T100_z,-13,1.00462484186816,0.407961315790475,48,0.0588841438726462
Near-miss P85-P90,T100_z,-12,1.00841703598788,0.389307285422363,48,0.0561916665090209
Near-miss P85-P90,T100_z,-11,1.00721774161506,0.37240033814895,48,0.053751358869151
Near-miss P85-P90,T100_z,-10,1.00720051864122,0.368582311552289,48,0.0532002741983121
Near-miss P85-P90,T100_z,-9,1.00281193555265,0.36586119957358,48,0.0528075155149615
Near-miss P85-P90,T100_z,-8,0.991672845601373,0.354715911366281,48,0.0511988317282914
Near-miss P85-P90,T100_z,-7,0.98753251558978,0.341837702034764,47,0.0498621535009606
Near-miss P85-P90,T100_z,-6,0.996307973560354,0.32133458478573,48,0.0463806522564945
Near-miss P85-P90,T100_z,-5,1.01935721225282,0.30572001537613,48,0.0441268832935163
Near-miss P85-P90,T100_z,-4,1.05393555479534,0.283189719552461,48,0.0408749152038371
Near-miss P85-P90,T100_z,-3,1.08486218328032,0.253800795879102,48,0.0366329894553352
Near-miss P85-P90,T100_z,-2,1.11005053548423,0.219156481532914,48,0.0316325134019198
Near-miss P85-P90,T100_z,-1,1.12635392719899,0.185910577256193,48,0.0268338804560154
Near-miss P85-P90,T100_z,0,1.12415596680517,0.162619963962622,48,0.0234721699923567
Near-miss P85-P90,T100_z,1,1.09233092291595,0.149792357967921,48,0.021620664548832
Near-miss P85-P90,T100_z,2,1.04037300861811,0.15450319636598,48,0.022300615503139
Near-miss P85-P90,T100_z,3,0.991450090094207,0.175464539241271,48,0.0253261247410453
Near-miss P85-P90,T100_z,4,0.955545181112641,0.201472791725913,48,0.0290800926343354
Near-miss P85-P90,T100_z,5,0.930714812133122,0.219352307132181,48,0.0316607783925325
Near-miss P85-P90,T100_z,6,0.909148613348617,0.231450253406622,48,0.0334069665270801
Near-miss P85-P90,T100_z,7,0.884429977537076,0.239261114883756,48,0.0345343672711866
Near-miss P85-P90,T100_z,8,0.860921484092434,0.247836430397793,48,0.0357721074512904
Near-miss P85-P90,T100_z,9,0.843479538430134,0.257401489404067,48,0.0371527047993121
Near-miss P85-P90,T100_z,10,0.829165102528774,0.266849815244703,48,0.0385164531661827
Near-miss P85-P90,T100_z,11,0.811674616341261,0.275794889345869,48,0.0398075634012401
Near-miss P85-P90,T100_z,12,0.793819446796265,0.283154948849568,48,0.0408698964851683
Near-miss P85-P90,T100_z,13,0.77778916337338,0.295375840872326,48,0.0426338303099374
Near-miss P85-P90,T100_z,14,0.766628406477543,0.307607167078696,48,0.0443992701793858
Near-miss P85-P90,T100_z,15,0.762911665744896,0.318965588055096,48,0.0460387170314593
Near-miss P85-P90,T100_z,16,0.758578609299941,0.325817877858302,48,0.0470277598720709
Near-miss P85-P90,T100_z,17,0.751181882767228,0.332889665947993,48,0.0480484845613796
Near-miss P85-P90,T100_z,18,0.742141414753929,0.343010810867538,48,0.0495093459973312
Near-miss P85-P90,T100_z,19,0.738198285885841,0.354220436822273,48,0.0511273161379515
Near-miss P85-P90,T100_z,20,0.732399721511591,0.36411114244188,48,0.0525549165259404
Near-miss P85-P90,T100_z,21,0.721811332990823,0.371179722097839,48,0.0535751781177294
Near-miss P85-P90,T100_z,22,0.706198432437933,0.380678707398661,48,0.054946238547844
Near-miss P85-P90,T100_z,23,0.687876933341183,0.392986133868543,48,0.0567226625441984
Near-miss P85-P90,T100_z,24,0.670435314240866,0.405932905997387,48,0.0585913681376296
Near-miss P85-P90,T100_z,25,0.657656341934398,0.422041588814371,48,0.0609164562277987
Near-miss P85-P90,T100_z,26,0.648725856491612,0.432421511014616,48,0.0624146689469184
Near-miss P85-P90,T100_z,27,0.645885944055005,0.435056312534937,48,0.062794969788673
Near-miss P85-P90,T100_z,28,0.64458311506724,0.44408051307525,48,0.0640975009414657
Near-miss P85-P90,T100_z,29,0.641759465616991,0.460454931226693,48,0.0664609446233554
Near-miss P85-P90,T100_z,30,0.644324812129104,0.471945496996968,48,0.0681194649335077
Near-miss P85-P90,D26_z,-30,0.699832529078519,0.722144449386335,47,0.105335593969989
Near-miss P85-P90,D26_z,-29,0.710996143597357,0.727549190921087,47,0.106123956548004
Near-miss P85-P90,D26_z,-28,0.729337684108841,0.722241812923642,47,0.105349795901531
Near-miss P85-P90,D26_z,-27,0.731433838848969,0.725635516717159,47,0.105844818476519
Near-miss P85-P90,D26_z,-26,0.724193923984031,0.730273513659326,47,0.106521339861055
Near-miss P85-P90,D26_z,-25,0.717454843867477,0.723099132815405,47,0.105474848860254
Near-miss P85-P90,D26_z,-24,0.715191928561573,0.725998915528492,47,0.105897825641044
Near-miss P85-P90,D26_z,-23,0.718979686749125,0.71070289450651,47,0.103666671664721
Near-miss P85-P90,D26_z,-22,0.727804993595105,0.690089590811985,47,0.100659912296576
Near-miss P85-P90,D26_z,-21,0.735403183450891,0.683429445610756,47,0.0996884302734238
Near-miss P85-P90,D26_z,-20,0.755035984621305,0.676652040961515,47,0.0986998442018844
Near-miss P85-P90,D26_z,-19,0.761748724666062,0.673810285913254,47,0.0982853316259307
Near-miss P85-P90,D26_z,-18,0.769350221255292,0.674514366113265,47,0.0983880322783192
Near-miss P85-P90,D26_z,-17,0.782811782585208,0.672607627920939,47,0.0981099059281068
Near-miss P85-P90,D26_z,-16,0.810825506878252,0.657149901538052,47,0.0958551648006902
Near-miss P85-P90,D26_z,-15,0.831398391631423,0.643152544683121,47,0.0938134404620528
Near-miss P85-P90,D26_z,-14,0.851688778556779,0.635821784987619,48,0.0917729696798076
Near-miss P85-P90,D26_z,-13,0.875871584606502,0.616388542294959,48,0.088968022704849
Near-miss P85-P90,D26_z,-12,0.870897456161753,0.593192352423429,48,0.0856199410882236
Near-miss P85-P90,D26_z,-11,0.857130762826256,0.578206902903879,48,0.0834569777597136
Near-miss P85-P90,D26_z,-10,0.839371464365909,0.560612213596726,48,0.0809174031077654
Near-miss P85-P90,D26_z,-9,0.814568309311538,0.566212895141979,48,0.0817257918572147
Near-miss P85-P90,D26_z,-8,0.784034959057454,0.563713110259966,48,0.0813649789885782
Near-miss P85-P90,D26_z,-7,0.749794218054179,0.567369966048673,47,0.0827594152738504
Near-miss P85-P90,D26_z,-6,0.760626148429795,0.580513444926375,48,0.08378989842411
Near-miss P85-P90,D26_z,-5,0.774826514625756,0.585267387792952,48,0.0844760709725425
Near-miss P85-P90,D26_z,-4,0.824098851468325,0.575068182476032,48,0.0830039424887314
Near-miss P85-P90,D26_z,-3,0.876189461180701,0.577381487272495,48,0.0833378392754704
Near-miss P85-P90,D26_z,-2,0.9283095936609,0.560688824967994,48,0.0809284610067216
Near-miss P85-P90,D26_z,-1,0.950602934917965,0.557937401495413,48,0.0805313272360842
Near-miss P85-P90,D26_z,0,0.957904253534431,0.55629929414807,48,0.0802948868065967
Near-miss P85-P90,D26_z,1,0.935756770023214,0.570007745526254,48,0.0822735313299387
Near-miss P85-P90,D26_z,2,0.887445413717589,0.592107694182312,48,0.0854633841563516
Near-miss P85-P90,D26_z,3,0.85172358097546,0.585786883900045,48,0.0845510537768608
Near-miss P85-P90,D26_z,4,0.845322688811466,0.575319466070345,48,0.0830402121514364
Near-miss P85-P90,D26_z,5,0.827186015675553,0.56319746724166,48,0.081290552329722
Near-miss P85-P90,D26_z,6,0.806108601065246,0.572693332659743,48,0.0826611624435517
Near-miss P85-P90,D26_z,7,0.787455663625598,0.575310359360111,48,0.0830388977110351
Near-miss P85-P90,D26_z,8,0.766316534198242,0.579083814990882,48,0.0835835491170853
Near-miss P85-P90,D26_z,9,0.740738673740127,0.570582972728951,48,0.0823565582250191
Near-miss P85-P90,D26_z,10,0.727686920937392,0.566586583455193,48,0.0817797291192715
Near-miss P85-P90,D26_z,11,0.707598231837801,0.571448724449808,48,0.0824815187222912
Near-miss P85-P90,D26_z,12,0.68933900456556,0.581953872405779,48,0.0839978062223555
Near-miss P85-P90,D26_z,13,0.677640497646425,0.594129544818984,48,0.0857552131586876
Near-miss P85-P90,D26_z,14,0.660464993475071,0.598076372657572,48,0.0863248886874511
Near-miss P85-P90,D26_z,15,0.651590600465236,0.59998473410737,48,0.086600336936639
Near-miss P85-P90,D26_z,16,0.659696093212966,0.60909337876239,48,0.0879150565475212
Near-miss P85-P90,D26_z,17,0.641479351433153,0.604407614415034,48,0.0872387247206948
Near-miss P85-P90,D26_z,18,0.646563799111843,0.584895664758436,48,0.0844224173740321
Near-miss P85-P90,D26_z,19,0.635091919923058,0.60607382531346,48,0.0874792215483781
Near-miss P85-P90,D26_z,20,0.608994081661849,0.636373384446025,48,0.0918525862037564
Near-miss P85-P90,D26_z,21,0.588182480805855,0.639740630947539,48,0.0923386063722756
Near-miss P85-P90,D26_z,22,0.559811835039877,0.64065869125335,48,0.0924711169634487
Near-miss P85-P90,D26_z,23,0.523537780666494,0.63913134128115,48,0.0922506629840497
Near-miss P85-P90,D26_z,24,0.519255264645806,0.620265238878126,48,0.0895275756588135
Near-miss P85-P90,D26_z,25,0.507788027432139,0.621409121350624,48,0.0896926808721678
Near-miss P85-P90,D26_z,26,0.494066836159704,0.631011300510285,48,0.0910786360528272
Near-miss P85-P90,D26_z,27,0.485587302795626,0.626003216747033,48,0.0903557814256178
Near-miss P85-P90,D26_z,28,0.491898439842822,0.637333199488009,48,0.0919911235719719
Near-miss P85-P90,D26_z,29,0.498971076922352,0.645840558546594,48,0.0932190550826135
Near-miss P85-P90,D26_z,30,0.50669978679894,0.655675349238863,48,0.0946385848460149
Random non-event,SLA_z,-30,0.279756740956094,1.43171542723556,46,0.211094923248755
Random non-event,SLA_z,-29,0.274514211541498,1.42538175359869,46,0.210161074018088
Random non-event,SLA_z,-28,0.265743280799785,1.42113755447355,46,0.209535300996768
Random non-event,SLA_z,-27,0.255269778727404,1.41773878226108,46,0.209034179373235
Random non-event,SLA_z,-26,0.245388408063176,1.41357906565207,46,0.208420862619353
Random non-event,SLA_z,-25,0.238213401947973,1.40700228578961,46,0.207451169331232
Random non-event,SLA_z,-24,0.235056151588794,1.39681222864712,46,0.205948727372813
Random non-event,SLA_z,-23,0.243146666969395,1.36815066573244,47,0.1995652852249
Random non-event,SLA_z,-22,0.250961771084714,1.35140552597169,47,0.197122755556068
Random non-event,SLA_z,-21,0.260992266977428,1.33270857923321,47,0.194395525579023
Random non-event,SLA_z,-20,0.271663266350595,1.31377508310909,47,0.191633791327852
Random non-event,SLA_z,-19,0.281594067834168,1.29638346395351,47,0.189096962947591
Random non-event,SLA_z,-18,0.289652851110157,1.28165573747552,47,0.186948703250095
Random non-event,SLA_z,-17,0.29513398176563,1.2698969567658,47,0.185233508801846
Random non-event,SLA_z,-16,0.298163695852576,1.26066190631156,47,0.183886438245855
Random non-event,SLA_z,-15,0.302233514719439,1.25910969449665,47,0.183660024882671
Random non-event,SLA_z,-14,0.303846972142613,1.25265711040285,47,0.182718818758688
Random non-event,SLA_z,-13,0.305689833603457,1.24464481897381,47,0.181550105937513
Random non-event,SLA_z,-12,0.308392501119052,1.23510135822103,47,0.180158049115949
Random non-event,SLA_z,-11,0.312133855704682,1.22546553341627,47,0.178752519612728
Random non-event,SLA_z,-10,0.316681771140918,1.21818636625183,47,0.177690743956174
Random non-event,SLA_z,-9,0.321837194463785,1.21512057293231,47,0.177243552039689
Random non-event,SLA_z,-8,0.327547486151705,1.21736563144257,47,0.1775710274802
Random non-event,SLA_z,-7,0.333717534099626,1.22489693067314,47,0.178669580378435
Random non-event,SLA_z,-6,0.340184379458188,1.2365218920446,47,0.180365255270046
Random non-event,SLA_z,-5,0.346577017814574,1.25031592648708,47,0.18237732198672
Random non-event,SLA_z,-4,0.352050559207193,1.26413542951716,47,0.184393103678708
Random non-event,SLA_z,-3,0.355930087724218,1.27618302273326,47,0.186150425760745
Random non-event,SLA_z,-2,0.35736995655967,1.28533674200997,47,0.187485632945215
Random non-event,SLA_z,-1,0.356093668298875,1.29146634881245,47,0.188379727989345
Random non-event,SLA_z,0,0.35230799183455,1.29505357007472,47,0.188902977988267
Random non-event,SLA_z,1,0.279775323541071,1.22615559407445,46,0.180786779340607
Random non-event,SLA_z,2,0.341136783262633,1.29749927230336,47,0.189259720323054
Random non-event,SLA_z,3,0.336780516582328,1.29608113051735,47,0.189052863083495
Random non-event,SLA_z,4,0.335264722638598,1.29309866425076,47,0.188617825666876
Random non-event,SLA_z,5,0.337445782142841,1.28913838028469,47,0.188040158879836
Random non-event,SLA_z,6,0.343327140214479,1.28537977342402,47,0.18749190972206
Random non-event,SLA_z,7,0.352114332559042,1.2832733971606,47,0.187184663166306
Random non-event,SLA_z,8,0.362369457565148,1.28421654477212,47,0.187322235384641
Random non-event,SLA_z,9,0.372306780293222,1.28898110631547,47,0.188017218113653
Random non-event,SLA_z,10,0.380629938580222,1.29793959640783,47,0.189323948194809
Random non-event,SLA_z,11,0.386411513488581,1.31116202351063,47,0.19125263741174
Random non-event,SLA_z,12,0.38934184694158,1.3283592783684,47,0.193761114845356
Random non-event,SLA_z,13,0.389611916917581,1.34845296798044,47,0.196692080709777
Random non-event,SLA_z,14,0.388032970306164,1.37030752828593,47,0.199879895962928
Random non-event,SLA_z,15,0.38529904815035,1.392413722457,47,0.203104415787743
Random non-event,SLA_z,16,0.382207044088254,1.41341484401209,47,0.206167744204822
Random non-event,SLA_z,17,0.379190342508116,1.43223319825706,47,0.208912683286768
Random non-event,SLA_z,18,0.377002900968296,1.44849779493979,47,0.211285118543612
Random non-event,SLA_z,19,0.375854600610998,1.46201650996174,47,0.21325702579535
Random non-event,SLA_z,20,0.375739045395009,1.47244669854079,47,0.214778425163755
Random non-event,SLA_z,21,0.376318582271809,1.47949500916488,47,0.215806526933013
Random non-event,SLA_z,22,0.377136575680397,1.48309469482278,47,0.216331595050897
Random non-event,SLA_z,23,0.377267578823736,1.4838621185449,47,0.216443535305599
Random non-event,SLA_z,24,0.375951187226422,1.48248876799393,47,0.216243211539159
Random non-event,SLA_z,25,0.372430907034129,1.47966789555811,47,0.215831745005291
Random non-event,SLA_z,26,0.366398105181749,1.4760057898051,47,0.215297571980764
Random non-event,SLA_z,27,0.358176670632728,1.47228203731397,47,0.214754406855305
Random non-event,SLA_z,28,0.348224696184586,1.46923364266528,47,0.214309752795791
Random non-event,SLA_z,29,0.337825943844799,1.46720285389837,47,0.214013531809572
Random non-event,SLA_z,30,0.328141564224603,1.46600638558354,47,0.213839008969002
Random non-event,SLA_anom,-30,0.00690938589421671,0.0376772580723099,46,0.00555520863273426
Random non-event,SLA_anom,-29,0.0068300821984665,0.0376800029114136,46,0.00555561333718104
Random non-event,SLA_anom,-28,0.00666557651017179,0.0377403604895125,46,0.00556451257656471
Random non-event,SLA_anom,-27,0.00645326919736773,0.0378244731791377,46,0.00557691431606051
Random non-event,SLA_anom,-26,0.00624536146935662,0.0378857159534547,46,0.00558594407050616
Random non-event,SLA_anom,-25,0.00609371501484442,0.0378712418088302,46,0.00558380997430905
Random non-event,SLA_anom,-24,0.00603537756780018,0.0377380818587185,46,0.00556417661078308
Random non-event,SLA_anom,-23,0.0062541325828329,0.037064717049692,47,0.00540644463732519
Random non-event,SLA_anom,-22,0.00646794256074794,0.0366699982363711,47,0.00534886898097608
Random non-event,SLA_anom,-21,0.00674564327580668,0.0361695342865018,47,0.0052758688111834
Random non-event,SLA_anom,-20,0.00704825255211351,0.0356181554965037,47,0.0051954419486682
Random non-event,SLA_anom,-19,0.00734016747537823,0.0350694121383908,47,0.00511539950340253
Random non-event,SLA_anom,-18,0.00759043825238164,0.0345643029322361,47,0.00504172175334128
Random non-event,SLA_anom,-17,0.00777778642635393,0.034124723829258,47,0.00497760255122272
Random non-event,SLA_anom,-16,0.00789901940139237,0.0337486246760575,47,0.00492274285143876
Random non-event,SLA_anom,-15,0.00803396548454019,0.0335559632729464,47,0.00489464029751199
Random non-event,SLA_anom,-14,0.00808483837463629,0.0332405800256071,47,0.00484863692282027
Random non-event,SLA_anom,-13,0.00811429288787345,0.0328742036077657,47,0.00479519542974679
Random non-event,SLA_anom,-12,0.00813453590287655,0.0324485733556308,47,0.00473311087663789
Random non-event,SLA_anom,-11,0.0081506041013962,0.0319942460382118,47,0.00466684042634532
Random non-event,SLA_anom,-10,0.00815764194509775,0.0315717789446104,47,0.00460521726732901
Random non-event,SLA_anom,-9,0.00815893938309685,0.0312378684440999,47,0.00455651141501098
Random non-event,SLA_anom,-8,0.00816096882731468,0.031036230072007,47,0.00452709943558
Random non-event,SLA_anom,-7,0.00816733236765193,0.0309835687175384,47,0.00451941798755817
Random non-event,SLA_anom,-6,0.00818238112882486,0.0310582894825418,47,0.00453031713131011
Random non-event,SLA_anom,-5,0.00820540437257755,0.0312081083167254,47,0.00455217045428452
Random non-event,SLA_anom,-4,0.00822599722530044,0.0313682705882566,47,0.0045755325226597
Random non-event,SLA_anom,-3,0.00823481145736803,0.0314884684652456,47,0.00459306518496477
Random non-event,SLA_anom,-2,0.00821510451665207,0.0315399909567588,47,0.0046005805127513
Random non-event,SLA_anom,-1,0.00815795601950321,0.0315241140766104,47,0.00459826463176343
Random non-event,SLA_anom,0,0.00806434031092014,0.0314594736082359,47,0.00458883585039357
Random non-event,SLA_anom,1,0.00626205998810974,0.0295075277806157,46,0.00435064761726895
Random non-event,SLA_anom,2,0.00784052716466358,0.0313469503747282,47,0.00457242264989465
Random non-event,SLA_anom,3,0.00776153783886908,0.0312876665568953,47,0.0045637752163105
Random non-event,SLA_anom,4,0.00775787411098469,0.0312540422535194,47,0.00455887060758445
Random non-event,SLA_anom,5,0.00785167968123534,0.0312563199376445,47,0.00455920284195999
Random non-event,SLA_anom,6,0.00804334883307697,0.0313068464945344,47,0.00456657289775115
Random non-event,SLA_anom,7,0.00831291221028352,0.0314195261679626,47,0.00458300891735774
Random non-event,SLA_anom,8,0.00861768075928919,0.0315965398990466,47,0.00460882902373732
Random non-event,SLA_anom,9,0.00890710507671686,0.0318368974671445,47,0.00464388877836437
Random non-event,SLA_anom,10,0.00914386100949382,0.0321424720272867,47,0.00468846140898148
Random non-event,SLA_anom,11,0.00930156906992382,0.0325197781845435,47,0.00474349716840186
Random non-event,SLA_anom,12,0.0093716937175013,0.0329724557750198,47,0.00480952698128796
Random non-event,SLA_anom,13,0.00936415552002902,0.0334887949411479,47,0.00488484278936528
Random non-event,SLA_anom,14,0.00930433546761245,0.0340541513847617,47,0.00496730850220628
Random non-event,SLA_anom,15,0.00921931905509421,0.034643180442546,47,0.005053227220712
Random non-event,SLA_anom,16,0.00913832981328395,0.0352305486469369,47,0.00513890367885161
Random non-event,SLA_anom,17,0.00907881431332644,0.0357927048119682,47,0.00522090258308439
Random non-event,SLA_anom,18,0.00905904822685348,0.0363213851192849,47,0.00529801853161624
Random non-event,SLA_anom,19,0.009078030303965,0.0368099227032809,47,0.00536927906215223
Random non-event,SLA_anom,20,0.00912677951081326,0.0372437216780756,47,0.00543255514592245
Random non-event,SLA_anom,21,0.00918786116277107,0.037603829557388,47,0.00548508227867668
Random non-event,SLA_anom,22,0.00924591865277541,0.0378728794986709,47,0.00552432724607442
Random non-event,SLA_anom,23,0.00927580454086074,0.0380517440127763,47,0.00555041731690367
Random non-event,SLA_anom,24,0.00926568066737589,0.0381466714670504,47,0.00556426390921428
Random non-event,SLA_anom,25,0.0092065726379853,0.0381758548883291,47,0.00556852074871099
Random non-event,SLA_anom,26,0.00910325122563483,0.0381655046905251,47,0.00556701101719629
Random non-event,SLA_anom,27,0.00897478523036342,0.0381536732355004,47,0.00556528522210971
Random non-event,SLA_anom,28,0.00883302260698599,0.0381699002402562,47,0.00556765217402046
Random non-event,SLA_anom,29,0.00870301979960734,0.0382223486600783,47,0.00557530256233188
Random non-event,SLA_anom,30,0.00859698293667326,0.0382925941440409,47,0.00558554891925286
Random non-event,T100_z,-30,-0.0111853215527642,1.0563758784311,46,0.155754125950729
Random non-event,T100_z,-29,-0.0151291757267516,1.05972919978972,46,0.15624854621146
Random non-event,T100_z,-28,-0.0196811909619141,1.05962204892729,46,0.1562327476787
Random non-event,T100_z,-27,-0.0176375790426783,1.05220376956805,46,0.155138982058669
Random non-event,T100_z,-26,-0.0160714043273645,1.04169392676628,46,0.153589390277097
Random non-event,T100_z,-25,-0.0187618025862305,1.03316911228402,46,0.152332474953975
Random non-event,T100_z,-24,-0.0218162880911402,1.01967804785615,46,0.150343326024118
Random non-event,T100_z,-23,-0.0125687753437279,0.999388781375868,47,0.145775836098482
Random non-event,T100_z,-22,-0.0115504428035669,0.985289731296117,47,0.143719278278471
Random non-event,T100_z,-21,-0.00266334901555445,0.967681515147067,47,0.141150855979597
Random non-event,T100_z,-20,0.00699454715618727,0.952044473594241,47,0.138869959046441
Random non-event,T100_z,-19,0.00788151099243485,0.941453282224145,47,0.13732507500729
Random non-event,T100_z,-18,0.00495814637373408,0.941261922340938,47,0.137297162299553
Random non-event,T100_z,-17,0.00715374956461519,0.941124556233443,47,0.137277125393451
Random non-event,T100_z,-16,0.0105752598075711,0.936105582757588,47,0.136545032870067
Random non-event,T100_z,-15,0.0131966141962115,0.931017105741912,47,0.135802802213438
Random non-event,T100_z,-14,0.0146628320473089,0.927203172435556,47,0.135246482864133
Random non-event,T100_z,-13,0.0149919357502301,0.917200121532984,47,0.133787387929277
Random non-event,T100_z,-12,0.0161464614416394,0.901968080869503,47,0.131565566447402
Random non-event,T100_z,-11,0.0161627518444421,0.890083520315958,47,0.129832025123303
Random non-event,T100_z,-10,0.0124888470551135,0.881920382810714,47,0.128641309140505
Random non-event,T100_z,-9,0.00951619110101151,0.879895613329522,47,0.128345966157345
Random non-event,T100_z,-8,0.00732879874519009,0.881141744115782,47,0.128527733013888
Random non-event,T100_z,-7,0.00748541713432025,0.882072704783921,47,0.128663527583832
Random non-event,T100_z,-6,0.0070124531242751,0.880493798752579,47,0.128433220468994
Random non-event,T100_z,-5,0.00343521277739003,0.878816967075436,47,0.128188629430664
Random non-event,T100_z,-4,0.00261310087334415,0.874689027951503,47,0.127586507625448
Random non-event,T100_z,-3,0.00340712514525959,0.869123469377075,47,0.126774687471308
Random non-event,T100_z,-2,0.00581568857033973,0.863440812268964,47,0.125945786740548
Random non-event,T100_z,-1,0.0104480395809285,0.86074826132013,47,0.125553037819288
Random non-event,T100_z,0,0.0109657354806036,0.860501731843178,47,0.125517077799229
Random non-event,T100_z,1,-0.0169956883225602,0.863218728901968,46,0.12727465797885
Random non-event,T100_z,2,-0.000844965178285896,0.877742194561666,47,0.128031857747081
Random non-event,T100_z,3,-0.00746689527643609,0.886079148275524,47,0.129247927429671
Random non-event,T100_z,4,-0.0135483154288383,0.89092644591117,47,0.129954978458082
Random non-event,T100_z,5,-0.0182818787528852,0.893821421187536,47,0.130377254002156
Random non-event,T100_z,6,-0.0175713861806536,0.89228046491611,47,0.130152482428726
Random non-event,T100_z,7,-0.0127148997605698,0.889855715693275,47,0.129798796403952
Random non-event,T100_z,8,-0.0123580584632643,0.885807651101893,47,0.129208325496748
Random non-event,T100_z,9,-0.0147556143629233,0.881456497079931,47,0.128573644452328
Random non-event,T100_z,10,-0.0152515759497443,0.889493379335097,47,0.129745944214147
Random non-event,T100_z,11,-0.0134884328656985,0.909998749711229,47,0.132736959889723
Random non-event,T100_z,12,-0.0114361996976365,0.931443304946323,47,0.135864969756766
Random non-event,T100_z,13,-0.00470503790200377,0.948642781031826,47,0.138373771189746
Random non-event,T100_z,14,0.000487939254440043,0.955171815436989,47,0.139326128737745
Random non-event,T100_z,15,-0.00228930672763526,0.953836261448628,47,0.139131318166588
Random non-event,T100_z,16,-0.011866233051316,0.949049585169123,47,0.138433109671774
Random non-event,T100_z,17,-0.0216952449434334,0.941690543730519,47,0.1373596831549
Random non-event,T100_z,18,-0.0282314207445229,0.926730332389824,47,0.135177512054883
Random non-event,T100_z,19,-0.0281886309422065,0.91129428538042,47,0.132925933189095
Random non-event,T100_z,20,-0.0237255609783905,0.912910626170242,47,0.13316170072466
Random non-event,T100_z,21,-0.0192760379021206,0.92926184391139,47,0.135546770961453
Random non-event,T100_z,22,-0.0120550125830605,0.949415034411142,47,0.138486415922354
Random non-event,T100_z,23,-0.0113665402668102,0.963976239750862,47,0.140610386015432
Random non-event,T100_z,24,-0.0136631595128311,0.972772120856471,47,0.141893397138118
Random non-event,T100_z,25,-0.0149090692689797,0.974523676742988,47,0.142148887822613
Random non-event,T100_z,26,-0.0153525087459609,0.969894367338618,47,0.141473633645703
Random non-event,T100_z,27,-0.0168909045552256,0.965017061189931,47,0.140762205425793
Random non-event,T100_z,28,-0.0174607496907125,0.965533327689414,47,0.14083751063435
Random non-event,T100_z,29,-0.0138129490740409,0.966759667581689,47,0.14101639069231
Random non-event,T100_z,30,-0.00824671787437588,0.97231093375513,47,0.141826126085502
Random non-event,D26_z,-30,-0.0230103650214204,1.14117474832062,46,0.168257037206964
Random non-event,D26_z,-29,-0.0101616304578411,1.12940812590268,46,0.166522143380327
Random non-event,D26_z,-28,-0.004257141257424,1.12560919245698,46,0.165962021201792
Random non-event,D26_z,-27,-0.0079850558598481,1.12330436374108,46,0.165622192747317
Random non-event,D26_z,-26,-0.0216834914730361,1.12685127176504,46,0.166145155804672
Random non-event,D26_z,-25,-0.043106759031005,1.13002485131621,46,0.166613074581709
Random non-event,D26_z,-24,-0.0520590996141767,1.12733022881865,46,0.16621577416957
Random non-event,D26_z,-23,-0.0582198682164242,1.12700490684404,47,0.164390561154892
Random non-event,D26_z,-22,-0.0446789172675738,1.10544275604851,47,0.161245398212425
Random non-event,D26_z,-21,-0.0302434614123714,1.07191568728618,47,0.156354972612458
Random non-event,D26_z,-20,-0.0167744050373795,1.04088174215455,47,0.151828206469688
Random non-event,D26_z,-19,-0.0145537597386155,1.04364946068692,47,0.15223191970988
Random non-event,D26_z,-18,-0.0136605427480238,1.04843728460987,47,0.152930295605695
Random non-event,D26_z,-17,-0.0217880970103905,1.03989115142205,47,0.151683713960913
Random non-event,D26_z,-16,-0.0439412354347726,1.04583389275763,47,0.152550551875302
Random non-event,D26_z,-15,-0.0689968516886662,1.04008190343252,47,0.151711538001299
Random non-event,D26_z,-14,-0.0683018338622144,1.02888092611465,47,0.150077707540059
Random non-event,D26_z,-13,-0.0647163756044895,1.00958006331289,47,0.147262387351579
Random non-event,D26_z,-12,-0.0648939125969497,0.996854085784315,47,0.145406112747571
Random non-event,D26_z,-11,-0.0759316879445597,0.979593134362892,47,0.142888344215239
Random non-event,D26_z,-10,-0.101906547525763,0.960804165141849,47,0.140147691379557
Random non-event,D26_z,-9,-0.111911880916858,0.95031274965626,47,0.138617361148951
Random non-event,D26_z,-8,-0.116769473848103,0.93297233801335,47,0.136088002152088
Random non-event,D26_z,-7,-0.11300933042727,0.911145137653406,47,0.132904177757162
Random non-event,D26_z,-6,-0.0803197020252704,0.904508425056834,47,0.131936113730689
Random non-event,D26_z,-5,-0.0737045979243363,0.913302383913487,47,0.133218844464548
Random non-event,D26_z,-4,-0.0843436572598088,0.909711511027597,47,0.132695061821577
Random non-event,D26_z,-3,-0.0787197509164832,0.92112571415002,47,0.134359994462985
Random non-event,D26_z,-2,-0.0759689173696862,0.938619119138358,47,0.136911669832878
Random non-event,D26_z,-1,-0.0683189173430503,0.954394885053489,47,0.139212801793961
Random non-event,D26_z,0,-0.0547575836571547,0.970192954361046,47,0.141517187039191
Random non-event,D26_z,1,-0.062581652222104,0.959649815157126,46,0.141492645970452
Random non-event,D26_z,2,-0.0218772439536693,0.97527962612151,47,0.142259154372284
Random non-event,D26_z,3,-0.010669703890526,0.993891742839287,47,0.14497401061908
Random non-event,D26_z,4,-0.00862252850487794,1.0010525435025,47,0.146018520746937
Random non-event,D26_z,5,-0.000109877203013749,1.00345467582134,47,0.146368907757202
Random non-event,D26_z,6,0.000702592164145189,1.00374615913167,47,0.146411424967785
Random non-event,D26_z,7,-0.0204285483472298,1.00192440851337,47,0.146145695329335
Random non-event,D26_z,8,-0.0349497720454181,0.990244838801749,47,0.144442054992651
Random non-event,D26_z,9,-0.0414089091114653,0.963127233374791,47,0.140486545707605
Random non-event,D26_z,10,-0.0364689836200673,0.957422531992621,47,0.139654429488996
Random non-event,D26_z,11,-0.0397480775923222,0.970371739784015,47,0.141543265573393
Random non-event,D26_z,12,-0.0461705441720938,0.994972156511341,47,0.145131605150169
Random non-event,D26_z,13,-0.0468136208285486,1.02767203449456,47,0.149901372574173
Random non-event,D26_z,14,-0.0267026458574479,1.05618510155303,47,0.154060430858236
Random non-event,D26_z,15,-0.0121013908488911,1.06712324512906,47,0.155655923077956
Random non-event,D26_z,16,-0.0150700859615536,1.07607645218213,47,0.156961882548631
Random non-event,D26_z,17,-0.032986829113901,1.07044342576737,47,0.156140221198535
Random non-event,D26_z,18,-0.0469181071536567,1.07490679482187,47,0.156791270487721
Random non-event,D26_z,19,-0.0468977613817912,1.07513400524774,47,0.156824412534559
Random non-event,D26_z,20,-0.0380527891697896,1.08257766096925,47,0.157910181313091
Random non-event,D26_z,21,-0.0398656085278617,1.08780376347118,47,0.158672486710101
Random non-event,D26_z,22,-0.0437850152989867,1.08558576975115,47,0.158348959074987
Random non-event,D26_z,23,-0.0640372585328366,1.09052799374328,47,0.159069856535579
Random non-event,D26_z,24,-0.0701782377820964,1.1022619068987,47,0.160781423678231
Random non-event,D26_z,25,-0.0775959024683414,1.08150826520693,47,0.157754193909311
Random non-event,D26_z,26,-0.0693928652819308,1.07503049476548,47,0.156809313978944
Random non-event,D26_z,27,-0.0531605221678974,1.07811437646994,47,0.157259144357545
Random non-event,D26_z,28,-0.037517357455396,1.07681083736947,47,0.157069003637738
Random non-event,D26_z,29,-0.0296878586764596,1.07277542340717,47,0.156480378014437
Random non-event,D26_z,30,-0.0238671306198906,1.05717262669523,47,0.154204476204706
